<?xml version="1.0" encoding="utf-8"?>
<images>
<image source="http://1337iot.zapbuild.com/img/mashup_images/medium_StoneyPointdetails_0.jpg"><title>doc 1</title></image>
<image source="http://1337iot.zapbuild.com/img/mashup_images/medium_StoneyPointdetails_1.jpg"><title>doc 2</title></image>
<image source="http://1337iot.zapbuild.com/img/mashup_images/medium_StoneyPointdetails_2.jpg"><title>doc 3</title></image>
<image source="http://1337iot.zapbuild.com/img/mashup_images/medium_StoneyPointdetails_3.jpg"><title>doc 4</title></image>
<image source="http://1337iot.zapbuild.com/img/mashup_images/medium_StoneyPointdetails_4.jpg"><title>doc 5</title></image>
</images>
